<?xml version="1.0"?>
<doc>
    <assembly>
        <name>Microsoft.AppCenter.Distribute</name>
    </assembly>
    <members>
        <member name="T:Microsoft.AppCenter.Distribute.Distribute">
            <summary>
            Distribute feature.
            </summary>
        </member>
        <member name="M:Microsoft.AppCenter.Distribute.Distribute.IsEnabledAsync">
            <summary>
            Check whether the Distribute service is enabled or not.
            </summary>
            <returns>A task with result being true if enabled, false if disabled.</returns>
        </member>
        <member name="M:Microsoft.AppCenter.Distribute.Distribute.SetEnabledAsync(System.Boolean)">
            <summary>
            Enable or disable the Distribute service.
            </summary>
            <returns>A task to monitor the operation.</returns>
        </member>
        <member name="M:Microsoft.AppCenter.Distribute.Distribute.SetInstallUrl(System.String)">
            <summary>
            Change the base URL opened in the browser to get update token from user login information.
            </summary>
            <param name="installUrl">Install base URL.</param>
        </member>
        <member name="M:Microsoft.AppCenter.Distribute.Distribute.SetApiUrl(System.String)">
            <summary>
            Change the base URL used to make API calls.
            </summary>
            <param name="apiUrl">API base URL.</param>
        </member>
        <member name="P:Microsoft.AppCenter.Distribute.Distribute.ReleaseAvailable">
            <summary>
            Sets the release available callback.
            </summary>
            <value>The release available callback.</value>
        </member>
        <member name="M:Microsoft.AppCenter.Distribute.Distribute.NotifyUpdateAction(Microsoft.AppCenter.Distribute.UpdateAction)">
            <summary>
            If update dialog is customized by returning <c>true</c> in <see cref="T:Microsoft.AppCenter.Distribute.ReleaseAvailableCallback"/>,
            You need to tell the distribute SDK using this function what is the user action.
            </summary>
            <param name="updateAction">Update action. On mandatory update, you can only pass <see cref="F:Microsoft.AppCenter.Distribute.UpdateAction.Update"/></param>
        </member>
        <member name="T:Microsoft.AppCenter.Distribute.NamespaceDoc">
            <summary>
            Distribute SDK module.
            </summary>
        </member>
        <member name="T:Microsoft.AppCenter.Distribute.ReleaseDetails">
            <summary>
            Release details.
            </summary>
        </member>
        <member name="P:Microsoft.AppCenter.Distribute.ReleaseDetails.Id">
            <summary>
            Release identifier.
            </summary>
            <value>Release identifier.</value>
        </member>
        <member name="P:Microsoft.AppCenter.Distribute.ReleaseDetails.Version">
            <summary>
            Build number or version code.
            </summary>
            <value>The version.</value>
        </member>
        <member name="P:Microsoft.AppCenter.Distribute.ReleaseDetails.ShortVersion">
            <summary>
            Human readable version.
            </summary>
            <value>The version.</value>
        </member>
        <member name="P:Microsoft.AppCenter.Distribute.ReleaseDetails.ReleaseNotes">
            <summary>
            Release notes.
            </summary>
            <value>The release notes.</value>
        </member>
        <member name="P:Microsoft.AppCenter.Distribute.ReleaseDetails.ReleaseNotesUrl">
            <summary>
            Release notes URL.
            </summary>
            <value>The release notes URL.</value>
        </member>
        <member name="P:Microsoft.AppCenter.Distribute.ReleaseDetails.MandatoryUpdate">
            <summary>
            Returns <c>true</c> if this release update is mandatory, otherwise <c>false</c>.
            </summary>
            <value><c>true</c> if mandatory update; otherwise, <c>false</c>.</value>
        </member>
        <member name="T:Microsoft.AppCenter.Distribute.ReleaseAvailableCallback">
            <summary>
            Release available callback.
            </summary>
        </member>
        <member name="T:Microsoft.AppCenter.Distribute.UpdateAction">
            <summary>
            User update action.
            </summary>
        </member>
        <member name="F:Microsoft.AppCenter.Distribute.UpdateAction.Update">
            <summary>
            Action to trigger the download of the release.
            </summary>
        </member>
        <member name="F:Microsoft.AppCenter.Distribute.UpdateAction.Postpone">
            <summary>
            Action to postpone optional updates for 1 day.
            </summary>
        </member>
    </members>
</doc>
